row_index,perturbation_type,target_label,original_scenario,original_excuse,perturbed_scenario,perturbed_excuse,original_accuracy_rate,perturbed_accuracy_rate,verdict,note
"2991","paraphrase","1","Could you take me to lunch at Chick-fil-A after church?","But Chick-fil-A isn't open on Sundays","Would you be able to drive me to Chick-fil-A for lunch following church this Sunday?","Chick-fil-A closes on Sundays, so it won't be open then.","0.9","0.4","valid",""
"5706","paraphrase","1","Could you tell the waitress to bring me another drink?","But you already have a full drink.","Would you mind asking the server to bring me another beverage?","You still have a full glass in front of you though.","0.8","0.0","wrong",""
"17401","paraphrase","1","Could you bring me to see a movie?","But the movie theatre is closed.","Would you be able to take me to catch a film at the cinema?","The cinema isn't open right now though.","0.9","0.2","valid","possibly perturbation changed, possibly orig label wrong"
"435","paraphrase","1","Could you ask that guy out on a date for me?","But that guy is my boyfriend","Would you be willing to go on a date with that person for me?","That person is actually my romantic partner already.","0.9","0.0","changed",""
"5639","paraphrase","1","Could you please go to the supermarket today for grocery.","But the supermarket is closed for the weekend.","Would you be able to pick up some groceries from the supermarket today?","The supermarket won't be open though—it's closed on weekends.","0.9","0.3","valid",""
"3888","paraphrase","1","Aren't you supposed to go put your pajamas on?","No because I am already wearing my pajamas","Shouldn't you be getting into your pajamas right now?","I've already got my pajamas on though.","0.9","0.3","valid",""
"338","paraphrase","0","Could you mop the floor in the kitchen?","No because you don't have a brand new mop","Would you be able to mop the kitchen floor today?","I can't do that since we don't have a fresh mop available.","0.9","0.2","changed",""
"13983","paraphrase","1","Can you hang up that poster on the wall of the classroom?","But this poster has obscene language on it.","Would you be able to put that poster up on the classroom wall?","The poster contains offensive language though, so I can't display it.","0.8","0.3","valid","Debatable"
"5287","paraphrase","1","Aren't you supposed to know how to fly a military helicopter.","No because I am not a pilot and have no pilot training.","Shouldn't you have the ability to operate a military helicopter?","I lack both pilot certification and the necessary flight training to do so.","0.8","0.0","valid",""
"12529","paraphrase","1","Could you please feed the cat.","But I just fed the cat 20 minutes ago.","Would you mind giving the cat some food?","The cat was fed not long ago, only about twenty minutes back.","0.9","0.2","valid","debatable"
"18794","paraphrase","1","Can you pass the bread basket please?","But the bread basket is totally empty.","Would you mind handing me the bread basket?","There's nothing in it though—it's completely empty.","0.9","0.3","wrong",""
"7760","paraphrase","1","Aren't you supposed to wait after school for your brother?","No because he has football practice after school.","Shouldn't you be staying after school to pick up your brother?","He won't need a ride though—he has football practice that runs after school ends.","0.8","0.4","valid",""
"15782","paraphrase","1","Aren't you supposed to go to visit your mom at Christmas?","No because my mom died last year","Shouldn't you be visiting your mother over the Christmas holidays?","I can't, since my mom passed away about a year ago.","1.0","0.1","valid","unless the model means visiting the mother's grave?"
"17887","paraphrase","1","Can you make us a dinner reservation tonight at our favorite restaurant?","But all restaurants in the city are closed except for takeout and delivery, because of coronavirus.","Would you be able to book a table for us this evening at that restaurant we love?","Unfortunately, every restaurant in town has shut down their dine-in service due to the pandemic—only takeout and delivery options are available right now.","1.0","0.1","valid",""
"3606","paraphrase","1","Aren't you supposed to pick your brother up from work this afternoon?","No because today is his day off","Don't you have to give your brother a ride from work this afternoon?","He's not working today though—it's one of his days off.","0.8","0.0","valid",""
"17856","paraphrase","1","Could you help me plug in the television?","But the television is already plugged in.","Would you mind helping me get the TV plugged in?","The TV is already connected to the outlet though.","0.9","0.3","changed",""
"4109","paraphrase","1","Could you park in the garage when you get home?","But the garage door is locked.","Would you mind putting the car in the garage once you arrive home?","The garage door happens to be locked though.","0.8","0.1","valid","debatable"
"15746","paraphrase","1","Can you meet me for lunch today?","But I have an appointment with my doctor at noon.","Would you be able to grab lunch with me this afternoon?","I can't make it because I have a doctor's appointment scheduled for midday.","1.0","0.2","changed",""
"17380","paraphrase","1","Can you come over to my house to play after school?","But I have soccer practice after school.","Would you be able to come by my place for a bit once school ends?","I can't because I have soccer practice scheduled right after school gets out.","0.9","0.1","changed",""
"4128","paraphrase","1","Could you play a middle C so I can tune up?","But I am deaf and can't hear the note.","Would you mind playing middle C for me so I can get tuned?","I'm unable to do that because I'm deaf and wouldn't be able to hear the pitch.","1.0","0.3","valid",""
"15742","paraphrase","1","Aren't you supposed to finish up your taxes?","No because they aren't due until next month.","Don't you need to complete your tax returns soon?","Not yet—I still have until next month before they're actually due.","0.9","0.0","wrong",""
"462","paraphrase","1","Could you stand up from the floor please?","But I am disabled and cannot stand.","Would you mind getting up off the floor?","I'm unable to do that because of my disability.","0.9","0.3","valid",""
"2910","paraphrase","1","Aren't you supposed to pack your lunch for tomorrow?","No because tomorrow is a half day and I will be home for lunch.","Don't you need to prepare your lunch for tomorrow?","Not really, since tomorrow is only a half day and I'll be back home by lunchtime.","0.8","0.2","valid",""
"3709","paraphrase","0","Could you say cheese while I take a picture of you?","But I want a sort of candid shot.","Would you mind smiling and saying cheese for this photo I'm about to take?","I'd prefer a more natural, unposed look rather than a posed one.","1.0","0.2","wrong",""
"4065","paraphrase","0","Could you pick up the dog poo?","But I don't like how it smells.","Would you mind cleaning up after the dog in the yard?","The odor is really unpleasant though, and I find it difficult to handle.","1.0","0.3","valid",""
"9016","paraphrase","0","Aren't you supposed to get the lawn cut today?","No because it rained last month","Shouldn't you be mowing the lawn this afternoon?","Not really, since it rained a while back.","1.0","0.1","valid",""
"12603","paraphrase","1","Can you see a movie at the theaters with me this weekend?","But all the theaters are closed because of COVID.","Would you be able to join me for a film at the cinema this weekend?","The cinemas are shut down due to the pandemic, so we can't go.","0.8","0.2","valid","could be model using knowledge that COVID isn't a shutdown order anymore, so the excuse is not valid that way"
"20605","paraphrase","0","Aren't you supposed to bring mom a piece of cake from the party?","No because she is at her house.","Shouldn't you be bringing a slice of cake home to your mom from the party?","She's staying at her own place, so it's not necessary.","0.9","0.4","wrong",""
"6346","paraphrase","1","Could you take little Jenny to the park now?","But the park is closed due to quarantining.","Would you be able to bring Jenny to the park right now?","The park is currently closed because of quarantine restrictions.","1.0","0.2","valid","covid specific"
"20026","paraphrase","1","Aren't you supposed to put a bandage on your cut.","No because my cut has healed.","Shouldn't you be bandaging that wound?","There's no point—the cut has already closed up and healed.","0.9","0.3","wrong","debatable"
"10051","paraphrase","0","Aren't you supposed to barbeque today?","No because I don't like how it smells.","Weren't you planning to grill something today?","I'd rather not because the smell really bothers me.","0.9","0.1","wrong",""
"3290","paraphrase","1","Could you open the curtains just before the play begins?","But there is no curtain on this stage.","Would you mind drawing open the curtains right as the performance is about to start?","This particular stage doesn't have any curtains though.","0.8","0.1","valid",""
"21352","paraphrase","0","Can you slice me a piece of cake?","I cut the piece you ate yesterday.","Would you mind cutting me a slice of cake?","I already cut you a piece yesterday when you had some.","1.0","0.5","wrong","what?"
"8634","paraphrase","0","Aren't you supposed to bring in the milk to the kitchen?","No, because the milk should be cold.","Shouldn't you be bringing the milk inside to the kitchen?","Not right now, because the milk needs to stay cold.","1.0","0.0","wrong","what?"
"2260","paraphrase","1","Could you let me use your hammer?","But I am using it right now.","Would you be able to lend me your hammer for a bit?","I can't right now because I'm currently using it myself.","0.8","0.0","valid",""
"7521","paraphrase","1","Could you please call maintenance to have the stove fixed?","But maintenance already came by and ordered parts.","Would you mind contacting maintenance about getting the stove repaired?","Maintenance has already been here though and they've already ordered the necessary parts.","0.9","0.1","changed",""
"6457","paraphrase","0","Can you prepare some chicken for dinner?","But the chicken is in the refrigerator.","Would you be able to cook up some chicken for tonight's meal?","The chicken is already stored in the fridge though.","1.0","0.5","wrong","ambiguous"
"13250","paraphrase","1","Could you put that blanket in the wash?","But our son is currently sleeping with that blanket on him.","Would you mind throwing that blanket into the washing machine?","Our son is using it right now though—he's asleep with it.","0.8","0.1","valid",""
"1943","paraphrase","1","Could you that us to the zoo today?","But the zoo is closed for renovations.","Would you be able to take us to the zoo this afternoon?","The zoo is currently undergoing renovations, so it's not open right now.","0.8","0.0","valid",""
"9803","paraphrase","1","Can you meet me for lunch at Chipotle?","But I have a doctor's appointment during lunch today.","Would you be able to grab lunch with me at Chipotle?","I can't because I've got a medical appointment scheduled right around lunchtime.","0.9","0.1","changed",""
"6092","paraphrase","0","Aren't you supposed to be getting ready for work?","I'm supposed to be getting ready for work, but I'm scheduled to work the ER so it won't matter if I'm late.","Shouldn't you be preparing for your shift?","I know I should be getting ready, but since I'm on the ER roster today, being a bit late won't be a problem.","0.9","0.4","wrong","assuming from context ER means you can't be late, debatable"
"13988","paraphrase","0","Can you cut some daffodils from the garden and put them in a vase?","But it's a little breezy outside today.","Would you be able to pick some daffodils from the garden and arrange them in a vase?","The wind is a bit strong outside at the moment though.","1.0","0.2","valid",""
"6629","paraphrase","0","Could you take a picture of me.","But I can't because I don't want the camera to break.","Would you mind snapping a photo of me?","I'm worried the camera might get damaged if I do that.","0.9","0.2","changed",""
"20583","paraphrase","0","Could you park in the garage when you get home?","But I have to put gas in the car.","Would you mind pulling the car into the garage once you're back home?","I need to fill up the tank first though.","0.9","0.2","wrong",""
"19469","paraphrase","1","Can you ride the roller coaster with me?","But I'm deathly afraid of roller coasters.","Would you be willing to go on the roller coaster with me?","I have an intense phobia of roller coasters that prevents me from riding them.","0.8","0.1","valid","debatable"
"13306","paraphrase","1","Can you meet me for dinner today?","But I already have dinner plans with my sister.","Would you be able to join me for dinner this evening?","I'm afraid I can't—I've already committed to having dinner with my sister.","0.8","0.1","valid",""
"5476","paraphrase","1","Could you please play this piece of music?","But there is no part for my instrument.","Would you be able to perform this musical composition?","My instrument doesn't have a part in it though.","1.0","0.1","valid",""
"8301","paraphrase","0","Aren't you supposed to go to the mall?","No because I just walked my dog.","Didn't you plan to head to the mall today?","I can't because I just finished walking the dog.","1.0","0.0","valid",""
"15783","paraphrase","0","Aren't you supposed to go to visit your mom at Christmas?","No because my dad is really mean","Isn't Christmas the time you usually visit your mother?","My father is quite difficult, which makes it hard for me to go.","0.9","0.0","wrong",""
"3992","paraphrase","1","Could you take my daughter to the amusement park?","But the amusement park is closed.","Would you be able to bring my daughter to the amusement park?","The amusement park isn't open right now though.","0.9","0.0","valid",""
"32","paraphrase","1","Aren't you supposed to pick up your kid from school?","No because he is riding the bus home.","Didn't you say you'd pick your child up from school today?","He's taking the bus back home, so I don't need to.","1.0","0.0","valid",""
"14270","paraphrase","1","Could you make me a grilled cheese sandwich?","But the grill is out of propane.","Would you be able to whip up a grilled cheese for me?","The propane tank for the grill is empty though.","1.0","0.3","wrong",""
"10655","paraphrase","1","Can you decorate the house for our son's birthday party this weekend?","But I'm sick in bed with the flu.","Would you be able to put up decorations for our son's birthday celebration this Saturday?","I'm currently laid up with the flu, so I'm not in any condition to do that.","0.9","0.3","valid",""
"207","paraphrase","0","Can you bring the trash can to the curb?","But the wind knocked over the trash can.","Would you be able to move the trash can out to the curb?","The trash can got blown over by the wind though.","1.0","0.2","valid",""
"8389","paraphrase","1","Can you take our son to soccer practice today?","But practice was cancelled due to the rain.","Would you be able to drive our son to his soccer practice this afternoon?","The practice got called off because of the weather though.","0.9","0.4","valid",""
"9741","paraphrase","1","Could you go collect the rent from the tenants at our rental house.","I would but they paid the rent yesterday.","Would you mind going over to the rental property to gather rent payments from the tenants?","I'd do it, but they already paid their rent the day before yesterday.","1.0","0.4","valid",""
"15768","paraphrase","1","Can you come bar hopping with me tonight?","But I'm seven months pregnant.","Would you want to go out bar crawling with me this evening?","I can't really do that though—I'm in my seventh month of pregnancy.","1.0","0.0","valid",""
"16531","paraphrase","1","Could you pick me up from work tonight?","No because I have to work late and won't be out of work until after you.","Would you be able to give me a ride home from work this evening?","I can't because I'll be working overtime and won't finish until well after your shift ends.","0.9","0.4","valid",""
"8030","paraphrase","1","Could you take the dogs to the vet today?","But the vet's office is already closed for the day.","Would you be able to bring the dogs in for their vet appointment today?","The veterinary clinic has already shut down for the evening though.","0.8","0.3","valid",""
"16152","paraphrase","1","Could you please answer the front door?","But nobody knocked or rang the door bell.","Would you mind getting the door for me?","There hasn't been any knocking or doorbell ringing though.","0.9","0.1","changed",""
"1712","paraphrase","1","Could you please lend me your phone to call a taxi?","But the taxi is already here.","Would you be able to let me use your phone so I can call for a taxi?","The taxi has already arrived though, so there's no need to make that call.","0.8","0.2","valid",""
"18103","paraphrase","1","Can you meet me at the cafe for some coffee?","But I heard the cafe closed permanently last week.","Would you be able to come by the cafe with me for a coffee?","I thought that place shut down for good a while back though.","1.0","0.1","wrong",""
"18208","paraphrase","0","Could you get up and go to school today?","But I felt more tired than usual today.","Don't you need to get ready and head to school this morning?","I'm experiencing unusual fatigue today though.","0.9","0.2","changed",""
"2877","paraphrase","1","Could you buy a pepperoni pizze when you go to town?","But the pizza restaurant is closed tonight","Would you be able to pick up a pepperoni pizza while you're in town?","The pizzeria won't be open tonight though.","0.8","0.3","valid",""
"13157","paraphrase","1","Could you go hang the clothes outside to dry?","But it is raining outside.","Would you mind putting the laundry out on the line to air dry?","The weather's bad though—it's raining right now.","0.8","0.4","valid",""
"12821","paraphrase","0","Could you get cleaning supplies from the janitor's room?","But I need to throw something in the trash first.","Would you be able to grab some cleaning supplies from the janitor's closet?","I have to dispose of something in the trash before I do that though.","1.0","0.1","wrong",""
"7882","paraphrase","1","Aren't you supposed to watch House Hunters on TV with your sister tonight?","No because I have to work so she is recording it","Shouldn't you be watching House Hunters with your sister this evening?","I can't because I have work tonight, but she's going to record it for me anyway.","0.8","0.2","valid",""
"11489","paraphrase","1","Can you go out with me tonight for my birthday?","But tonight is my son's birthday as well.","Would you be able to come celebrate with me tonight? It's my birthday.","I can't though, since my son is also having his birthday tonight.","1.0","0.3","valid",""
"1797","paraphrase","1","Can you make me a chicken salad sandwich for lunch?","But the chicken salad in the fridge is spoiled.","Would you be able to put together a chicken salad sandwich for my lunch?","The chicken salad we have in the fridge has gone bad though.","0.9","0.3","valid",""
"6247","paraphrase","1","Could you put new shelf paper in the cabinets?","But the paint on the shelving is still wet.","Would you be able to line the cabinet shelves with new paper?","The shelving paint hasn't dried yet though.","0.8","0.3","changed",""
"1195","paraphrase","0","Aren't you supposed to make a videotape?","No because I just got back from a soccer game.","Didn't you need to film a video?","I just returned from playing soccer, so I haven't had the chance.","1.0","0.1","wrong",""
"11256","paraphrase","1","Could you please go to the supermarket today for grocery.","But we already have stock for a month.","Would you be able to head to the grocery store today?","We've got enough supplies stocked up for the next month though.","0.9","0.1","wrong",""
"12654","paraphrase","1","Can you get me a sub from the sub shop?","But the sub shop is closed for renovations.","Would you be able to pick up a submarine sandwich from that sub place for me?","Unfortunately, they're doing renovations right now so the shop isn't open.","0.9","0.3","valid",""
"14888","paraphrase","1","Can you complete this survey I posted on Mturk?","But I don't meet the qualification for the HIT.","Would you be able to fill out this survey I've put up on Mechanical Turk?","I'm afraid I don't have the required qualifications for that HIT though.","0.8","0.2","valid",""
"17873","paraphrase","1","Could you put some sunscreen on my back?","But I'm allergic to some ingredients in the sunscreen.","Would you mind applying sunscreen to my back?","I can't do that because I have an allergy to certain components in the sunscreen.","1.0","0.2","valid",""
"16378","paraphrase","1","Can you come to the gym with me?","But I'm in bed with the flu.","Would you be able to join me at the gym today?","I can't because I'm currently bedridden with the flu.","0.8","0.4","valid",""
"16582","paraphrase","1","Could you make me a peanut butter and jelly sandwich for lunch?","But you are allergic to peanut butter","Would you mind putting together a peanut butter and jelly sandwich for me to eat at lunch?","You have a peanut allergy though, so that wouldn't be safe.","0.8","0.3","valid",""
"10224","paraphrase","0","Could you let me borrow your laptop?","But I just loaded new software.","Would you be able to lend me your laptop for a bit?","I'm afraid I can't right now since I've just installed some new software on it.","1.0","0.2","wrong",""
"19731","paraphrase","1","Could you move the clothes from the washer to the dryer?","But the washing machine has not yet finished the rinse cycle.","Would you be able to transfer the clothes from the washing machine to the dryer?","The rinse cycle hasn't completed yet on the washer.","0.8","0.3","valid",""
"21252","paraphrase","0","Aren't you supposed to do the dishes tonight?","No because the dishes are all dirty.","Isn't it your turn to wash the dishes this evening?","Actually, all the dishes are still dirty, so there's nothing clean to use yet.","1.0","0.0","changed",""
"17055","paraphrase","1","Could you please take the dogs to the vet tomorrow?","But the vet is closed tomorrow.","Would you be able to bring the dogs in for their vet appointment tomorrow?","The veterinary clinic won't be open tomorrow though.","0.9","0.1","valid",""
"19551","paraphrase","1","Could you go to the park with the dog?","But the park is closed today.","Would you be able to take the dog to the park this afternoon?","The park happens to be closed today though.","0.8","0.1","valid",""
"10618","paraphrase","1","Aren't you supposed to go visit your grandma tomorrow?","No because my grandma passed away last month","Shouldn't you be planning to see your grandmother tomorrow?","I can't, since my grandmother died a few weeks ago.","0.8","0.4","valid",""
"2688","paraphrase","1","Could you take me to the amusement park today?","But they are closed for renovations.","Would you be able to drive me to the amusement park this afternoon?","The park is undergoing construction work right now, so it's not open.","0.8","0.2","valid",""
"5813","paraphrase","1","Can you carry this box for me upstairs?","But this box weighs 500 pounds and I can't lift it.","Would you mind bringing that box up to the second floor?","I'm unable to—the box is far too heavy for me to lift, it must weigh around 500 pounds.","0.8","0.1","changed",""
"1993","paraphrase","1","Could you tell my dad how much I love him please?","But your dad passed away last month","Would you mind letting my dad know how much he means to me?","Your father died just a few weeks ago though.","0.9","0.1","wrong",""
"16911","paraphrase","1","Could you go running with me this afternoon?","But I have a sprained ankle","Would you be able to join me for a run this afternoon?","I can't because I'm dealing with a sprained ankle right now.","0.8","0.3","valid",""
"7124","paraphrase","1","Could you stop by the farmer's market for some produce this afternoon?","But the farmer's market sells out of produce by 11am every weekend.","Would you be able to pick up some fresh vegetables from the farmer's market this afternoon?","The farmer's market typically runs out of most produce by mid-morning on weekends though.","0.8","0.3","changed",""
"4985","paraphrase","1","Aren't you supposed to go wedding dress tomorrow?","No because I called the wedding off","Weren't you planning to go wedding dress shopping tomorrow?","I can't because I've decided to cancel the wedding.","1.0","0.0","valid",""
"15834","paraphrase","1","Can you play catch with me in the backyard?","But I broke my wrist yesterday.","Would you be able to toss a ball around with me outside?","I can't because I fractured my wrist the other day.","0.8","0.0","valid",""
"11875","context_injection","0","Can you go snorkling with me tomorrow?","But my favorite swimsuit is in the wash.","Can you go snorkeling with me tomorrow? I've been reading a lot of mystery novels lately.","But my favorite swimsuit is in the wash.","1.0","0.0","valid",""
"11424","context_injection","0","Can you wash your bed sheets today?","But we have only one bottle left of detergent.","Can you wash your bed sheets today? Your neighbor just got a new dog.","But we have only one bottle left of detergent.","0.9","0.5","valid",""
"640","context_injection","1","My brother's kids are staying with me for the weekend.","I'm going to feed them three healthy meals a day, plus some snacks and treats.","My brother's kids are staying with me for the weekend. The guest bedroom has blue wallpaper.","I'm going to feed them three healthy meals a day, plus some snacks and treats.","0.8","0.1","valid",""
"2260","context_injection","1","Could you let me use your hammer?","But I am using it right now.","Could you let me use your hammer? I picked it up from the hardware store last Tuesday.","But I am using it right now.","0.8","0.2","valid",""
"6611","context_injection","1","Can I have some of your candy?","No, this candy has peanuts and I know you are allergic.","Can I have some of your candy? I bought it at the store on Fifth Avenue.","No, this candy has peanuts and I know you are allergic.","1.0","0.4","valid",""
"20760","context_injection","0","Can you make sure you feed the dog dinner?","But the dog is eating a bone.","Can you make sure you feed the dog dinner? The kitchen cabinet is painted blue.","But the dog is eating a bone.","0.9","0.4","valid",""
"8321","context_injection","0","Could you peek into the kids room and check on them.","No, because they are sleeping.","Could you peek into the kids room and check on them? The hallway light is currently off.","No, because they are sleeping.","0.9","0.1","valid",""
"17223","context_injection","1","Can you put this pizza in the oven?","But the oven hasn't been preheated.","Can you put this pizza in the oven? My phone just buzzed with a text message.","But the oven hasn't been preheated.","0.8","0.2","valid",""
"1570","context_injection","1","Could you pay for the dinner we ate.","But you agreed to pay for it earlier.","Could you pay for the dinner we ate at that restaurant on Fifth Street.","But you agreed to pay for it earlier.","0.9","0.4","valid",""
"7104","context_injection","1","Could you water the plants outside?","But all the plants outside are dead.","Could you water the plants outside? The mailman came by earlier today.","But all the plants outside are dead.","1.0","0.3","valid",""
"20941","context_injection","1","Can you come over to my house for dinner?","But I just received a positive COVID test.","Can you come over to my house for dinner? I'm making it at 6 PM.","But I just received a positive COVID test.","0.9","0.1","valid",""
"10866","context_injection","1","Could you help me put my helmet on?","But that helmet is two sizes too small for you.","Could you help me put my helmet on? I just bought it last Tuesday.","But that helmet is two sizes too small for you.","0.8","0.3","valid",""
"1778","context_injection","0","Aren't you supposed to have your appendix taken out today?","No because I am actually having a new one put in.","Aren't you supposed to have your appendix taken out today? The hospital cafeteria is serving excellent tomato soup.","No because I am actually having a new one put in.","0.9","0.5","wrong",""
"15768","context_injection","1","Can you come bar hopping with me tonight?","But I'm seven months pregnant.","Can you come bar hopping with me tonight? My cousin just got a new puppy.","But I'm seven months pregnant.","1.0","0.2","valid",""
"15811","context_injection","1","Could you loan me your red shoes?","But I don't own any red shoes","Could you loan me your red shoes? I bought them last Tuesday at the mall.","But I don't own any red shoes","0.8","0.2","changed",""
"5210","context_injection","1","Aren't you supposed to bring the dog to the groomer?","No because the groomer's office is closed.","Aren't you supposed to bring the dog to the groomer? The local bakery closed down last month.","No because the groomer's office is closed.","0.8","0.0","valid",""
"7089","context_injection","1","I make pizzas at the local Pizza Hut","I should keep my work area clean","I make pizzas at the local Pizza Hut, which is located near the shopping mall.","I should keep my work area clean","0.9","0.3","valid",""
"16899","context_injection","1","Could you wake up early for school tomorrow?","But school is closed for the holidays.","Could you wake up early for school tomorrow? The forecast says it will be cloudy in the morning.","But school is closed for the holidays.","0.9","0.4","valid",""
"18019","context_injection","1","Can you meet me for lunch at the Italian restaurant?","But I have celiac disease and that restuarant doesn't have gluten-free options.","Can you meet me for lunch at the Italian restaurant? The one downtown that opened three years ago.","But I have celiac disease and that restaurant doesn't have gluten-free options.","0.9","0.3","valid",""
"12777","context_injection","1","Could you show me around the estate now?","But the area is off limits","Could you show me around the estate now? The gardener planted new roses last week.","But the area is off limits","0.8","0.2","valid",""
"6021","context_injection","0","Are you able to trim the limbs of the tree by the curb?","I'm not as there is a bird in the tree.","Are you able to trim the limbs of the tree by the curb? The mailman came by earlier today.","I'm not as there is a bird in the tree.","1.0","0.4","wrong",""
"2454","context_injection","0","Could you remove your name from the list?","But my name isn't really clear on it.","Could you remove your name from the list? The pen you used was blue.","But my name isn't really clear on it.","0.9","0.2","changed",""
"14126","context_injection","0","Could you unclog the drain in the shower?","But there is hair in the drain.","Could you unclog the drain in the shower? The bathroom tiles were installed in 2019.","But there is hair in the drain.","1.0","0.3","valid",""
"20378","context_injection","0","Could you pick up yogurt when you go to the store?","But the dairy section is all the way in the back of the store","Could you pick up yogurt when you go to the store? The store is playing classic rock music today.","But the dairy section is all the way in the back of the store","0.9","0.3","valid",""
"17891","context_injection","1","Could you talk to your yoga instructor after class today, to see if I could join?","But all of the spots for the limited class are filled.","Could you talk to your yoga instructor after class today, to see if I could join? The studio has just installed new mirrors on the wall.","But all of the spots for the limited class are filled.","0.8","0.1","valid",""
"635","context_injection","0","Could you take me to the beach tomorrow?","I will be washing my hair all day tomorrow.","Could you take me to the beach tomorrow? My neighbor just got a new cat.","I will be washing my hair all day tomorrow.","1.0","0.2","valid",""
"17973","context_injection","1","Aren't you supposed to take the dogs to the vet clinic today by 4pm?","No because i have doctor's appointment by that time","Aren't you supposed to take the dogs to the vet clinic today by 4pm? The clinic is located on Maple Street.","No because i have doctor's appointment by that time","0.9","0.3","valid",""
"5706","context_injection","1","Could you tell the waitress to bring me another drink?","But you already have a full drink.","Could you tell the waitress to bring me another drink? She's wearing a blue apron today.","But you already have a full drink.","0.8","0.2","wrong",""
"15460","context_injection","1","Can you hit the bars with me this Saturday?","But I'm in Alcoholics Anonymous.","Can you hit the bars with me this Saturday? My cousin is visiting from Portland.","But I'm in Alcoholics Anonymous.","1.0","0.2","valid",""
"1668","context_injection","0","Can you pick up our son from school at 3pm today?","But I have a doctor's appointment this morning.","Can you pick up our son from school at 3pm today? My mother called earlier and mentioned she's repainting her kitchen cabinets.","But I have a doctor's appointment this morning.","0.9","0.0","valid",""
"5476","context_injection","1","Could you please play this piece of music?","But there is no part for my instrument.","Could you please play this piece of music? It was composed in 1987.","But there is no part for my instrument.","1.0","0.1","valid",""
"20589","context_injection","0","Could you watch the baby until I get back?","But the baby is in the playpen.","Could you watch the baby until I get back? The living room lamp needs a new bulb.","But the baby is in the playpen.","0.9","0.3","valid",""
"16952","context_injection","1","Can you read this document out loud to me?","But I'm blind and this document is not in Braille.","Can you read this document out loud to me? It's printed on white paper.","But I'm blind and this document is not in Braille.","1.0","0.3","valid",""
"4370","context_injection","0","Aren't you supposed to be doing your homework?","No because my books are in my backpack.","Aren't you supposed to be doing your homework? Your teacher is wearing a blue shirt today.","No because my books are in my backpack.","0.9","0.2","valid",""
"6346","context_injection","1","Could you take little Jenny to the park now?","But the park is closed due to quarantining.","Could you take little Jenny to the park now? She's wearing her favorite blue sneakers.","But the park is closed due to quarantining.","1.0","0.3","valid","covid specific"
"13970","context_injection","1","Could you please walk the dog tonight?","But I walked the dog already this afternoon.","Could you please walk the dog tonight? I've been listening to that new podcast all day.","But I walked the dog already this afternoon.","0.8","0.4","wrong",""
"13576","context_injection","0","Aren't you supposed to be cutting your hair?","No because my hair is too long.","Aren't you supposed to be cutting your hair? The barber shop is located next to that new coffee place.","No because my hair is too long.","1.0","0.2","valid",""
"1146","context_injection","1","Could you find me some scissors in the top drawer?","But the top drawer is locked","Could you find me some scissors in the top drawer? I bought it from the hardware store last month.","But the top drawer is locked","0.8","0.1","valid",""
"18040","context_injection","0","Aren't you supposed to vacuum the living room?","No because the floor has a carpet.","Aren't you supposed to vacuum the living room? The room has blue walls.","No because the floor has a carpet.","0.9","0.4","valid",""
"20948","context_injection","0","Could you please fill the car up with gas?","But I already filled it up last month.","Could you please fill the car up with gas? The radio was playing jazz music on the drive here.","But I already filled it up last month.","1.0","0.2","valid",""
"16531","context_injection","1","Could you pick me up from work tonight?","No because I have to work late and won't be out of work until after you.","Could you pick me up from work tonight? My office building has blue carpeting on the third floor.","No because I have to work late and won't be out of work until after you.","0.9","0.3","valid",""
"8241","context_injection","1","Can you pick up some ice cream from the scoop shop tonight?","But the scoop shop is closed because it's already 10pm.","Can you pick up some ice cream from the scoop shop tonight? The traffic on Main Street has been pretty heavy lately.","But the scoop shop is closed because it's already 10pm.","0.9","0.3","valid",""
"17250","context_injection","1","Can you pick up some vegetables for dinner?","But we already stopped by the market this afternoon for vegetables.","Can you pick up some vegetables for dinner? The store is playing classical music today.","But we already stopped by the market this afternoon for vegetables.","0.9","0.2","valid",""
"11489","context_injection","1","Can you go out with me tonight for my birthday?","But tonight is my son's birthday as well.","Can you go out with me tonight for my birthday? I made a reservation at that Italian place downtown.","But tonight is my son's birthday as well.","1.0","0.3","valid",""
"10863","context_injection","1","Can you check my Facebook status?","But I don't have a Facebook account.","Can you check my Facebook status? My phone is currently set to dark mode.","But I don't have a Facebook account.","0.8","0.4","valid",""
"20857","context_injection","1","Can you put this bread in the toaster for me?","But the bread has mold growing on it.","Can you put this bread in the toaster for me? I bought it from the bakery on Fifth Street yesterday.","But the bread has mold growing on it.","0.8","0.1","valid",""
"8511","context_injection","1","Could you cook eggs for me for lunch?","But you said you were allergic to eggs.","Could you cook eggs for me for lunch? I've been wearing my blue shirt all morning.","But you said you were allergic to eggs.","0.9","0.1","valid",""
"4282","context_injection","0","Could you pick up your dirty clothes off the floor?","But those are the clothes I wore just last week.","Could you pick up your dirty clothes off the floor? The laundry basket is made of wicker.","But those are the clothes I wore just last week.","1.0","0.2","valid",""
"6404","context_injection","0","Could you pick up some wine from the liquor store on your way home from work?","But then I would have to stop and find parking.","Could you pick up some wine from the liquor store on your way home from work? The store just got their fall decorations up.","But then I would have to stop and find parking.","1.0","0.1","valid",""
"8323","context_injection","1","Could you peek into the kids room and check on them.","But we don't have any kids.","Could you peek into the kids room and check on them? The hallway light is flickering.","But we don't have any kids.","0.8","0.4","valid",""
"18668","context_injection","1","Could you put the laundry into the dryer?","But I hung it outside on the clothesline.","Could you put the laundry into the dryer? My neighbor just got a new mailbox.","But I hung it outside on the clothesline.","1.0","0.0","valid",""
"16788","context_injection","1","Could you go read a bedtime story to our daughter?","But she is fast asleep already.","Could you go read a bedtime story to our daughter? She's wearing her favorite pajamas with the star pattern on them.","But she is fast asleep already.","0.8","0.4","valid",""
"12529","context_injection","1","Could you please feed the cat.","But I just fed the cat 20 minutes ago.","Could you please feed the cat? The mailman just delivered a package.","But I just fed the cat 20 minutes ago.","0.9","0.2","valid","debatable"
"2935","context_injection","1","Aren't you supposed to study for your final exam?","But I already took it this morning.","Aren't you supposed to study for your final exam? Your favorite pen is blue, by the way.","But I already took it this morning.","0.8","0.2","valid",""
"3992","context_injection","1","Could you take my daughter to the amusement park?","But the amusement park is closed.","Could you take my daughter to the amusement park? She's wearing her favorite blue jacket.","But the amusement park is closed.","0.9","0.1","valid",""
"17666","context_injection","1","Aren't you supposed to go see the doctor today?","No because I already met with him today","Aren't you supposed to go see the doctor today? The clinic is in the building with the blue awning.","No because I already met with him today","0.9","0.4","valid",""
"5803","context_injection","1","Can you watch a movie with me tonight?","But I already promised another friend I'd see a movie with her.","Can you watch a movie with me tonight? I've been meaning to reorganize my bookshelf all week.","But I already promised another friend I'd see a movie with her.","0.8","0.1","valid",""
"14422","context_injection","0","Aren't you supposed to feed that to the goats?","No because the goats are in the pen.","Aren't you supposed to feed that to the goats? The barn door is painted red.","No because the goats are in the pen.","1.0","0.1","valid",""
"1445","context_injection","1","Could you fix my desktop computer?","But your desktop computer is completely wrecked and unfixable","Could you fix my desktop computer? It's sitting on a oak desk in my home office.","But your desktop computer is completely wrecked and unfixable","0.9","0.4","valid",""